{
  "outer bars": {
    "mean": [
      1.0050493944575527,
      -1.8663894190636667,
      -2.1892747971501616,
      -1.5475052071576028,
      1.7606052431089472,
      5.104272296055485,
      1.0298465733215072,
      4.9719661567555224,
      2.552626914125337,
      0.5190010971823655,
      4.228186515167951,
      2.1475595377133043,
      -3.360318735597299,
      -3.8198820007093865,
      -1.7037861071264693,
      -4.3589298505922,
      -2.4758395266590614,
      -4.294085777610494,
      -3.152702709618847,
      -2.7765645234558916,
      -0.5329042427378423,
      0.026529837355003125,
      -1.1409028095112879,
      -2.850872631813769,
      2.586064383068122,
      -2.2090429632748454,
      -0.5818738879024837,
      -1.7237190044450366,
      3.2373318856508972,
      0.08897514742540315,
      -1.1966093194501792,
      0.28864926721010353
    ],
    "sigma": [
      2.27154718987163,
      2.314203781847632,
      0.8729954989426176,
      0.9300751368818546,
      2.5945794839403056,
      2.3360297547867352,
      1.2477702574405594,
      1.2236636234530385,
      2.177710322309955,
      1.723516638489195,
      2.271947987684729,
      1.6787182553837294,
      1.0728313838415726,
      1.7806062648068994,
      1.4354698504135939,
      2.4125116842091434,
      1.7926589470848495,
      0.8331261512932953,
      0.8657666016133374,
      1.1617419148062607,
      2.4074363783702686,
      1.2765008372582487,
      1.5200896731109883,
      1.5470348743141704,
      2.9187310871217194,
      1.9307067920995,
      2.690382705485646,
      1.535674021211644,
      2.140865787241684,
      1.12473037756919,
      2.3454678137206346,
      1.1234102081158561
    ],
    "width": [
      2.715703815790362,
      6.400100571275873,
      7.627271433148445,
      7.2807326482109715,
      2.341561798494744,
      1.380286790531897,
      5.760907041467731,
      5.871994025286246,
      2.098583581159537,
      6.152173209898236,
      1.9085352184377171,
      4.774773197913818,
      6.695714014233479,
      6.070689128088252,
      6.676713858566509,
      2.3638462277189283,
      6.598605087383771,
      7.243899851563763,
      7.785977878515848,
      7.2015966081002745,
      7.3316277345259895,
      7.939827426966234,
      5.381251709105049,
      5.988127024638781,
      2.2516617332135427,
      6.471750795738222,
      0.5531077372399669,
      6.159066946802242,
      0.56456954357121,
      6.727533672156469,
      1.5728143258406821,
      8.402008654972207
    ],
    "A": [
      0.8637024736156622,
      0.9729346869477302,
      0.9322830151290903,
      0.9101938379792981,
      0.9142248743924225,
      0.8588261260710791,
      0.8750470707319129,
      0.9348660212588976,
      0.960008916445058,
      0.8796886353371396,
      0.961926663868783,
      0.8814753518531732,
      0.9212821478867004,
      0.9304889339244846,
      0.9549637694316225,
      0.9688814887790896,
      0.9215353465935208,
      0.7941476221308554,
      0.8313097808481539,
      0.8826238868981838,
      0.9772206926163381,
      0.7618059441127821,
      0.9326467305054007,
      0.9425493446897545,
      0.9389177100553642,
      0.6374304594426037,
      0.6190207641697458,
      0.885533762047778,
      0.6514567604182149,
      0.8714399643470153,
      0.8842896343777453,
      0.9041973231703835
    ],
    "B": [
      0.0034074063963579365,
      0.0006770579333363757,
      0.0016940008936328873,
      0.0022463913477100543,
      0.002144350776165072,
      0.0035292986245556257,
      0.003124150258597801,
      0.0016292059242346022,
      0.000999743482559102,
      0.00300807840268637,
      0.0009517844214477505,
      0.0029614293571291667,
      0.0019681578842002806,
      0.0017378815096969536,
      0.0011259005852701294,
      0.0007779263480673269,
      0.001962053025174639,
      0.005147219955760672,
      0.0042166111795707475,
      0.002935547333706007,
      0.0005696468550418357,
      0.005955308356307714,
      0.001682860866050499,
      0.0014367433790782543,
      0.0015270343038088878,
      0.009064125370297969,
      0.00952443687048625,
      0.002861944211210237,
      0.008713513329581177,
      0.003214571145704794,
      0.00289270739056414,
      0.0023957383586925333
    ],
    "ci": [
      [
        -5.171711508129386,
        7.1818101274017625
      ],
      [
        -9.25910567636482,
        5.526326742124108
      ],
      [
        -7.156176102538501,
        2.777626488095995
      ],
      [
        -6.463739261602011,
        3.368728824927781
      ],
      [
        -5.140667054156043,
        8.661877306570155
      ],
      [
        -0.998392131126341,
        11.206936457763613
      ],
      [
        -3.852116618703344,
        5.91180972686228
      ],
      [
        0.09317226119439191,
        9.850760015267143
      ],
      [
        -3.264729390970862,
        8.36998303107135
      ],
      [
        -5.5060361584665305,
        6.544038291127504
      ],
      [
        -1.7906236125356332,
        10.246996428699914
      ],
      [
        -3.2655888578375256,
        7.560707864075604
      ],
      [
        -8.289202982863296,
        1.568565483244837
      ],
      [
        -9.935181503783967,
        2.2954174369994917
      ],
      [
        -7.340237623940312,
        3.9326653654818737
      ],
      [
        -10.810221615083137,
        2.09236170881939
      ],
      [
        -8.819881078736175,
        3.8682019625232327
      ],
      [
        -9.018506579164582,
        0.43033500474660774
      ],
      [
        -8.17476906081113,
        1.8693636221323138
      ],
      [
        -8.092928525450406,
        2.539799447676655
      ],
      [
        -8.472435390429784,
        7.406626809837905
      ],
      [
        -5.826504668908998,
        5.879564309744854
      ],
      [
        -6.437578569316881,
        4.155772895821597
      ],
      [
        -8.440480000913665,
        2.738734684597824
      ],
      [
        -5.1130409637778,
        10.28516944201731
      ],
      [
        -8.793888138713871,
        4.375802141262531
      ],
      [
        -7.523814964112798,
        6.36006674673463
      ],
      [
        -7.3571595924233995,
        3.909721532189632
      ],
      [
        -2.292961616831477,
        8.767625057728866
      ],
      [
        -4.953394608460999,
        5.131344872944353
      ],
      [
        -7.348690131006222,
        4.955471241467065
      ],
      [
        -5.476824441022781,
        6.054122947859544
      ]
    ]
  },
  "inner bars": {
    "mean": [
      -4.488977192248552,
      0.025457984623586068,
      -9.025662298901397,
      -1.0952951730655094,
      2.6698988643297166,
      1.367114300396446,
      3.2719573792803156,
      2.3917879307818164,
      7.263419326867013,
      -0.8630927073780426,
      3.152196760016407,
      -1.4013324747201479,
      -4.693953453890416,
      -5.750974259494982,
      -3.7327449751272765,
      -5.77101467682408,
      -6.856041491474064,
      -4.981164660117159,
      -6.394913820016052,
      -3.918713764266132,
      -0.06819895796414936,
      -3.200565462409284,
      -1.8709771322534663,
      -1.474536316159546,
      -1.934543758926278,
      -4.232306959448851,
      -2.21613708306964,
      -2.825612994133992,
      -1.1366048353387368,
      -2.9580794411087927,
      -1.610638239489666,
      -2.5004681422174255
    ],